Mountain,Accessibility
Pyramid Peak,0
Maroon Peak,0
North Maroon Peak,0
Mt. Evans,0
Mt. Bierstadt,0
Pikes Peak,1
Longs Peak,1
Torreys Peak,4
Grays Peak,4
Mt. Wilson,3
Wilson Peak,3
El Diente Peak,3
Mt. Eolus,0
Windom Peak,0
Sunlight Peak,0
North Eolus,0
Mt. Yale,2
Mt. Princeton,3
La Plata Peak,4
Castle Peak,4
Conundrum Peak,4
Snowmass Mountain,4
Mt. Lincoln,4
Mt. Bross,4
Mt. Cameron,4
Mt. Democrat,4
Sunshine Peak,3
Redcloud Peak,3
Mt. Shavano,3
Tabeguache Peak,3
Mt. Elbert,3
Mt. of the Holy Cross,1
Missouri Mountain,4
Mt. Belford,1
Mt. Oxford,1
Mt. Massive,3
Quandary Peak,2
Mt. Sherman,2
Mt. Sneffels,3
San Luis Peak,3
Kit Carson Peak,4
Challenger Point,4
Mt. Antero,4
Mt. Harvard,3
Mt. Columbia,3
Capitol Peak,3
Handies Peak,3
Culebra Peak,3
Mt. Lindsey,3
Humboldt Peak,4
Huron Peak,4
Wetterhorn Peak,4
Uncompahgre Peak,4
Crestone Needle,4
Crestone Peak,4
Blanca Peak,5
Ellingwood Point,5
Little Bear Peak,5
